<?xml version="1.0" encoding="UTF-8"?>
<project-private xmlns="http://www.netbeans.org/ns/project-private/1">
    <editor-bookmarks xmlns="http://www.netbeans.org/ns/editor-bookmarks/2" lastBookmarkId="0"/>
    <open-files xmlns="http://www.netbeans.org/ns/projectui-open-files/2">
        <group>
            <file>file:/D:/Programii/xampp/htdocs/IKBazeProjekt/javascript/reg_moji_tecajevi.js</file>
            <file>file:/D:/Programii/xampp/htdocs/IKBazeProjekt/javascript/mod_jela.js</file>
            <file>file:/D:/Programii/xampp/htdocs/IKBazeProjekt/push_mod_ocjena.php</file>
            <file>file:/D:/Programii/xampp/htdocs/IKBazeProjekt/get_reg_moji_tecajevi.php</file>
            <file>file:/D:/Programii/xampp/htdocs/IKBazeProjekt/reg_moji_tecajevi.php</file>
        </group>
    </open-files>
</project-private>
